Word,size,Length
appreciated,1,11
enlightened,1,11
phraseology,1,11
acknowledge,1,11
arrangement,2,11
naturalists,4,11
proceedings,2,11
observation,2,11
implacental,1,11
development,5,11
degradation,1,11
examination,1,11
communities,1,11
generations,1,11
mountainous,3,11
carnivorous,2,11
herbivorous,5,11
inhabitants,1,11
distributed,2,11
superficial,1,11
information,5,11
approximate,1,11
resemblance,2,11
agriculture,1,11
manufacture,1,11
troublesome,1,11
cannibalism,1,11
interesting,4,11
description,31,11
intercourse,1,11
comestibles,1,11
overshadows,1,11
numerically,1,11
callosities,6,11
consumption,1,11
confinement,2,11
convolvulus,1,11
supercilium,2,11
significant,1,11
peculiarity,1,11
rudimentary,2,11
complicated,1,11
termination,1,11
overhanging,2,11
thunderbolt,1,11
immortality,1,11
whereabouts,1,11
graphically,1,11
alternately,1,11
experiments,2,11
temperament,1,11
unmitigated,1,11
susceptible,1,11
treacherous,1,11
disposition,3,11
schistaceus,1,11
brahmaputra,1,11
concolorous,1,11
effectually,1,11
congregated,1,11
particulars,1,11
individuals,1,11
ferruginous,4,11
conspicuous,1,11
moustachial,1,11
terminating,3,11
intelligent,1,11
mischievous,2,11
unequivocal,1,11
conjectured,1,11
seventeenth,1,11
surrounding,1,11
nemestrinus,1,11
archipelago,1,11
annulations,1,11
essentially,1,11
exploration,1,11
inquisitive,1,11
astonishing,1,11
mastication,1,11
